,内置重要性,排列重要性
P_lag1,0.7530381597402144,1.3059955527816018
GHI_lag1,0.2368783189522565,0.11082497872164847
hour_cos,0.003875471473813493,0.016493790792945974
GHI_lag2,0.0008687112220145262,0.005763135371798222
GHI_lag3,0.0006723804849405778,0.004487579232218053
GHI_lag6,0.0009399022318250811,0.0023473910714926216
GHI_lag12,0.0014985565711791,0.0015539928045532614
hour_sin,0.0011384687334477118,0.0011151553767224653
doy_sin,0.00035140369579891243,0.0006598726424769108
doy_cos,0.00031002677661883204,5.019364832232753e-05
T_lag6,0.0002169915872563838,1.978027252813597e-06
T_lag1,0.00021160853063440757,-7.456557585139301e-06
