index,样本数,RF_MAE,基线MAE,误差降幅%,分场景维度
很阴 <0.30,298,2.829,4.7382,40.2944,按晴度 DNI/GHI
偏阴 0.30-0.50,132,2.3526,3.9453,40.37,按晴度 DNI/GHI
半晴 0.50-0.70,179,1.9542,4.2929,54.4791,按晴度 DNI/GHI
晴 0.70-0.85,195,2.1355,3.8415,44.4101,按晴度 DNI/GHI
很晴 >0.85,2267,1.1717,3.1766,63.1159,按晴度 DNI/GHI
平静 <10,864,1.268,0.6737,-88.2223,按辐射突变 |ΔGHI|
一般 10-30,1863,1.2654,2.588,51.1029,按辐射突变 |ΔGHI|
剧烈 30-60,1698,1.4017,5.1023,72.5286,按辐射突变 |ΔGHI|
狂暴 >60,206,5.4308,9.8536,44.8844,按辐射突变 |ΔGHI|
弱光 <200,1728,1.3332,3.3511,60.2151,按光照强度 GHI
中光 200-600,2446,1.7034,3.7917,55.0751,按光照强度 GHI
强光 >600,457,1.0536,2.258,53.3375,按光照强度 GHI
